1,Garey,Whyard,gwhyard0@utexas.edu,Female,65.2.225.3
2,Bernardo,De Gregario,bdegregario1@wired.com,Genderqueer,17.201.169.194
3,Deerdre,Dufaire,ddufaire2@ox.ac.uk,Female,207.59.211.173
4,Tara,Biddlestone,tbiddlestone3@networkadvertising.org,Male,94.228.131.113
5,Corrinne,Jobey,cjobey4@usa.gov,Genderfluid,52.133.202.222
6,Clarinda,Bleaden,cbleaden5@github.com,Non-binary,221.49.237.139
7,Kacie,Baldazzi,kbaldazzi6@multiply.com,Genderfluid,109.121.188.224
8,Steffie,Clissold,sclissold7@sina.com.cn,Genderqueer,243.164.207.156
9,Amby,Temple,atemple8@slate.com,Bigender,104.152.122.152
10,Leeland,Beiderbeck,lbeiderbeck9@issuu.com,Agender,142.62.228.181
11,Mic,Howsan,mhowsana@skype.com,Genderfluid,16.236.192.178
12,Cybill,Flecknoe,cflecknoeb@freewebs.com,Bigender,185.240.69.87
13,Ardath,Fudger,afudgerc@weather.com,Polygender,159.234.154.250
14,Ted,Elford,telfordd@fastcompany.com,Genderfluid,111.45.217.230
15,Constancia,Creigan,ccreigane@europa.eu,Bigender,124.154.3.81
16,Madelyn,Ruddiman,mruddimanf@tamu.edu,Genderqueer,228.219.51.239
17,Konstance,Atlee,katleeg@qq.com,Genderqueer,178.74.8.81
18,Freedman,Lenaghen,flenaghenh@discovery.com,Bigender,242.153.121.141
19,Carmella,Padginton,cpadgintoni@netvibes.com,Non-binary,32.13.173.36
20,Herrick,Tredinnick,htredinnickj@com.com,Polygender,219.144.198.57
21,Garner,McSaul,gmcsaulk@mashable.com,Bigender,204.108.92.230
22,Faunie,Earpe,fearpel@1688.com,Polygender,50.68.22.80
23,Mirella,Brill,mbrillm@washington.edu,Genderfluid,108.55.77.126
24,Dirk,Chalfont,dchalfontn@newyorker.com,Female,10.94.101.124
25,Anne-corinne,Abthorpe,aabthorpeo@t.co,Genderqueer,146.139.3.185
26,Maud,Piell,mpiellp@mashable.com,Bigender,3.212.183.152
27,Rudyard,Barnewelle,rbarnewelleq@ycombinator.com,Polygender,115.233.1.163
28,Ikey,Noonan,inoonanr@nydailynews.com,Genderqueer,121.234.132.21
29,Norrie,Kingsnoad,nkingsnoads@opensource.org,Polygender,79.89.75.2
30,Sal,Kennet,skennett@tumblr.com,Bigender,14.166.106.187
31,Pace,Salerg,psalergu@edublogs.org,Genderfluid,187.129.160.28
32,Britt,Whaley,bwhaleyv@tinypic.com,Male,80.41.67.196
33,Eddie,Dunckley,edunckleyw@paginegialle.it,Non-binary,171.157.234.50
34,Brandea,Zamorano,bzamoranox@uol.com.br,Genderfluid,45.232.31.9
35,Tedman,Bilbee,tbilbeey@themeforest.net,Male,169.118.28.43
36,Dorena,Tomicki,dtomickiz@stumbleupon.com,Male,59.229.249.49
37,Drugi,Costin,dcostin10@homestead.com,Agender,166.172.243.43
38,Vassili,MacKenny,vmackenny11@sciencedirect.com,Female,73.80.124.128
39,Gayla,Lantoph,glantoph12@disqus.com,Bigender,154.128.96.173
40,Abe,Couchman,acouchman13@godaddy.com,Bigender,174.18.56.14
41,Lay,Cuddehay,lcuddehay14@eepurl.com,Agender,205.35.222.127
42,Humbert,Bonass,hbonass15@nationalgeographic.com,Agender,119.34.85.5
43,Cosetta,Roeby,croeby16@dagondesign.com,Female,72.206.22.206
44,Leola,Grutchfield,lgrutchfield17@sourceforge.net,Genderqueer,217.31.210.197
45,Dulcy,Lalonde,dlalonde18@answers.com,Polygender,60.113.220.3
46,Arlen,Somerville,asomerville19@google.es,Genderqueer,60.7.74.252
47,Lilah,Dawnay,ldawnay1a@parallels.com,Male,252.70.6.117
48,Nixie,Berkely,nberkely1b@ibm.com,Agender,77.135.77.72
49,Bernadina,Donkersley,bdonkersley1c@1und1.de,Agender,237.38.106.103
50,Jacynth,Trusty,jtrusty1d@nymag.com,Genderqueer,47.226.73.89
51,Langston,Lemonnier,llemonnier1e@yellowbook.com,Bigender,78.202.81.243
52,Nerty,Gorke,ngorke1f@ebay.com,Polygender,98.64.36.17
53,Stewart,Shoute,sshoute1g@amazonaws.com,Bigender,14.102.129.138
54,Sande,Bleyman,sbleyman1h@merriam-webster.com,Female,195.4.84.230
55,Lowell,Alexis,lalexis1i@nih.gov,Non-binary,138.233.69.167
56,Willy,Rumin,wrumin1j@bloomberg.com,Agender,192.74.50.159
57,Sula,Reedshaw,sreedshaw1k@earthlink.net,Genderqueer,20.32.225.131
58,Anne-corinne,Bompas,abompas1l@marketwatch.com,Male,20.214.40.8
59,Markus,Daleman,mdaleman1m@google.es,Male,172.115.171.13
60,Alica,Hagger,ahagger1n@hostgator.com,Genderqueer,138.167.221.100
61,Sela,Moverley,smoverley1o@photobucket.com,Female,168.95.211.208
62,Sally,Turmall,sturmall1p@people.com.cn,Polygender,194.231.159.155
63,Claudie,Heavens,cheavens1q@seattletimes.com,Female,88.58.231.72
64,Tomasine,Videan,tvidean1r@vistaprint.com,Genderqueer,22.195.233.53
65,Haskell,Grandham,hgrandham1s@google.co.uk,Agender,112.34.38.41
66,Fredric,Diter,fditer1t@examiner.com,Genderfluid,249.243.22.105
67,Evvy,Bleakley,ebleakley1u@redcross.org,Non-binary,76.211.204.13
68,Bradan,Ivanchikov,bivanchikov1v@t.co,Agender,199.187.210.125
69,Franzen,Trayte,ftrayte1w@goodreads.com,Non-binary,93.122.78.180
70,Doyle,Versey,dversey1x@senate.gov,Polygender,176.42.80.14
71,Issie,Crocombe,icrocombe1y@printfriendly.com,Male,168.153.153.226
72,Ethelbert,Newstead,enewstead1z@sphinn.com,Agender,243.137.66.225
73,Lyndsay,Bedinham,lbedinham20@lulu.com,Genderqueer,148.216.85.41
74,Angel,Frank,afrank21@phoca.cz,Bigender,228.48.41.29
75,Cyb,Kopec,ckopec22@goo.gl,Polygender,36.178.41.208
76,Hendrick,Hutable,hhutable23@mlb.com,Non-binary,48.56.216.138
77,Willyt,McGarvie,wmcgarvie24@toplist.cz,Agender,104.138.48.9
78,Nerte,Barwise,nbarwise25@pinterest.com,Female,6.34.171.247
79,Joeann,Flew,jflew26@adobe.com,Agender,181.242.134.132
80,Cody,Machel,cmachel27@dagondesign.com,Polygender,209.199.66.158
81,Yale,Norcross,ynorcross28@mediafire.com,Genderfluid,122.123.71.188
82,Tillie,Pinnell,tpinnell29@ed.gov,Male,54.185.86.159
83,Evelin,Wilkins,ewilkins2a@rakuten.co.jp,Genderqueer,200.100.159.196
84,Shay,Birden,sbirden2b@go.com,Female,121.223.115.12
85,Torre,Summerfield,tsummerfield2c@1688.com,Genderfluid,189.163.101.118
86,Demeter,Quinnell,dquinnell2d@shinystat.com,Non-binary,34.198.160.255
87,Lian,Sherville,lsherville2e@spotify.com,Genderqueer,140.198.243.136
88,Ivory,Boik,iboik2f@hc360.com,Female,1.160.206.87
89,Weylin,Stredder,wstredder2g@angelfire.com,Genderfluid,132.57.195.186
90,Xymenes,Gregoletti,xgregoletti2h@sogou.com,Female,52.11.147.237
91,Idalina,Stratten,istratten2i@booking.com,Agender,70.119.193.189
92,Bettina,Krinks,bkrinks2j@foxnews.com,Genderfluid,84.79.126.148
93,Shelia,McNelly,smcnelly2k@squidoo.com,Bigender,224.35.166.182
94,Sela,Loverock,sloverock2l@linkedin.com,Male,127.67.68.75
95,Sibella,Conibere,sconibere2m@cdbaby.com,Bigender,201.185.217.60
96,Fran,Fauning,ffauning2n@istockphoto.com,Female,63.29.178.111
97,Benton,Connerly,bconnerly2o@mayoclinic.com,Non-binary,137.35.124.227
98,Shepard,Coles,scoles2p@usatoday.com,Genderfluid,72.216.104.178
99,Gloriana,O'Luby,goluby2q@oaic.gov.au,Male,10.199.177.49
100,Leeland,Doige,ldoige2r@weebly.com,Polygender,101.241.164.176
101,Dredi,Joules,djoules2s@toplist.cz,Genderfluid,4.54.15.141
102,Bella,Parvin,bparvin2t@npr.org,Bigender,110.193.4.117
103,Denyse,Stebbings,dstebbings2u@theguardian.com,Bigender,26.181.21.40
104,Erika,Ballister,eballister2v@businessweek.com,Agender,30.38.80.204
105,Patrizius,Raoux,praoux2w@discuz.net,Polygender,236.200.36.212
106,Harlen,Veelers,hveelers2x@ft.com,Genderqueer,242.252.96.203
107,Dedra,Loughead,dloughead2y@unc.edu,Genderfluid,35.29.178.157
108,Whitaker,Sazio,wsazio2z@dailymotion.com,Female,217.117.237.126
109,Lise,Dewey,ldewey30@dropbox.com,Bigender,170.52.214.245
110,Kelli,Buyers,kbuyers31@dedecms.com,Genderfluid,2.117.91.198
111,Bonnibelle,Twoohy,btwoohy32@tiny.cc,Genderqueer,34.156.106.120
112,Doy,Mitchell,dmitchell33@t-online.de,Polygender,222.242.11.10
113,Junia,Wickens,jwickens34@a8.net,Genderqueer,127.125.70.123
114,Pablo,Pither,ppither35@virginia.edu,Non-binary,135.201.94.140
115,Tabbi,Dobbing,tdobbing36@twitter.com,Female,105.165.95.138
116,Kerrin,Brave,kbrave37@sitemeter.com,Genderfluid,133.5.64.235
117,Shawn,Fetherstonhaugh,sfetherstonhaugh38@blogs.com,Polygender,23.154.246.125
118,Shay,O'Geaney,sogeaney39@trellian.com,Male,13.41.193.241
119,Broddie,Adshead,badshead3a@imgur.com,Polygender,229.205.146.167
120,Richy,McCandie,rmccandie3b@whitehouse.gov,Female,23.13.172.174
121,Calida,Ivermee,civermee3c@columbia.edu,Polygender,209.12.104.49
122,Prudence,Lammerich,plammerich3d@alibaba.com,Male,99.160.190.131
123,Adrien,Iacovucci,aiacovucci3e@princeton.edu,Genderfluid,210.210.61.170
124,Zara,Carnaman,zcarnaman3f@apache.org,Genderqueer,119.199.238.189
125,Henriette,Storre,hstorre3g@dagondesign.com,Genderqueer,83.178.104.52
126,Aube,Rake,arake3h@china.com.cn,Genderqueer,228.99.132.94
127,Carney,Swires,cswires3i@youtu.be,Agender,89.156.61.254
128,Georgette,Maywood,gmaywood3j@shop-pro.jp,Agender,133.40.175.59
129,Lusa,Fairbairn,lfairbairn3k@xing.com,Non-binary,34.28.89.102
130,Eugenie,Ellicott,eellicott3l@quantcast.com,Agender,237.48.248.241
131,Viki,Innis,vinnis3m@live.com,Genderqueer,249.65.101.118
132,Hirsch,Bodesson,hbodesson3n@printfriendly.com,Male,131.2.135.18
133,Tildie,McGookin,tmcgookin3o@ted.com,Female,242.222.47.174
134,Gwenore,Gatley,ggatley3p@gnu.org,Agender,186.187.237.23
135,Barron,Karpmann,bkarpmann3q@umn.edu,Female,74.241.33.39
136,Earlie,Mourton,emourton3r@wikispaces.com,Female,221.10.142.218
137,Sibley,Bull,sbull3s@scribd.com,Male,184.255.252.1
138,Jeannette,O'Doherty,jodoherty3t@naver.com,Polygender,211.114.197.46
139,Courtney,McCree,cmccree3u@unicef.org,Bigender,240.82.1.99
140,Collen,Kahler,ckahler3v@omniture.com,Bigender,190.13.139.156
141,Raine,Hun,rhun3w@fema.gov,Non-binary,38.161.94.56
142,Rock,Blaxley,rblaxley3x@ebay.com,Male,230.85.237.122
143,Arnold,Blodgett,ablodgett3y@prweb.com,Polygender,49.235.136.61
144,Iseabal,McFadin,imcfadin3z@oakley.com,Genderqueer,44.50.200.237
145,Tull,Everist,teverist40@businesswire.com,Male,136.29.172.66
146,Deonne,Gerardin,dgerardin41@github.com,Bigender,201.157.108.119
147,Marcelline,Alkins,malkins42@telegraph.co.uk,Polygender,77.28.27.173
148,Hurley,Emlin,hemlin43@instagram.com,Male,164.156.215.67
149,Kirstyn,Zuan,kzuan44@google.com.hk,Male,193.126.73.213
150,Junina,Still,jstill45@oakley.com,Male,100.46.143.157
151,Syd,Wildbore,swildbore46@mapquest.com,Female,226.168.183.241
152,Linoel,Rowlinson,lrowlinson47@last.fm,Female,86.242.177.22
153,Leif,Orford,lorford48@disqus.com,Agender,24.52.234.191
154,Timmy,Legon,tlegon49@independent.co.uk,Agender,77.141.3.150
155,Gabi,Mewes,gmewes4a@wufoo.com,Polygender,13.217.43.130
156,Waly,Gerrelts,wgerrelts4b@google.co.jp,Polygender,83.22.213.113
157,Jacinda,Hanson,jhanson4c@google.it,Genderfluid,251.80.6.102
158,Shea,Gillfillan,sgillfillan4d@photobucket.com,Female,63.182.203.30
159,Hasty,Littlejohn,hlittlejohn4e@bandcamp.com,Agender,119.146.211.3
160,Merrill,Cluckie,mcluckie4f@ihg.com,Non-binary,21.11.235.227
161,Barnabas,Baudinot,bbaudinot4g@deviantart.com,Non-binary,80.189.49.117
162,Shaylynn,Kinver,skinver4h@taobao.com,Genderfluid,133.192.90.55
163,Chicky,Trundle,ctrundle4i@de.vu,Agender,65.77.8.157
164,Cesya,Tirone,ctirone4j@europa.eu,Male,113.2.253.115
165,Sadella,Beazer,sbeazer4k@ft.com,Polygender,19.186.134.162
166,Ursula,Edrich,uedrich4l@tuttocitta.it,Bigender,118.118.35.41
167,Charley,Cowdrey,ccowdrey4m@booking.com,Male,224.25.104.192
168,Kerry,Martynikhin,kmartynikhin4n@unicef.org,Agender,21.211.52.134
169,Woodie,Dignan,wdignan4o@tiny.cc,Polygender,46.184.48.126
170,Gayle,Barribal,gbarribal4p@cnbc.com,Female,98.208.67.88
171,Clyve,Maskill,cmaskill4q@cnbc.com,Male,143.200.178.33
172,Tasha,Billison,tbillison4r@blogtalkradio.com,Male,96.57.44.213
173,Lorry,Noyce,lnoyce4s@drupal.org,Agender,240.223.78.49
174,Adel,Limon,alimon4t@hostgator.com,Genderqueer,139.20.228.186
175,Solomon,MacNeilley,smacneilley4u@alibaba.com,Genderfluid,38.223.47.118
176,Dorri,Robertet,drobertet4v@webmd.com,Genderqueer,53.213.11.133
177,Byran,Frenchum,bfrenchum4w@theatlantic.com,Male,234.31.213.128
178,Ambrosius,Treneman,atreneman4x@google.com.hk,Polygender,220.200.188.75
179,Brandy,Keysel,bkeysel4y@loc.gov,Genderfluid,157.172.15.47
180,Darice,Ballance,dballance4z@dagondesign.com,Genderfluid,27.178.53.226
181,Ryun,Joel,rjoel50@hhs.gov,Genderfluid,84.82.89.242
182,Poul,Dawley,pdawley51@nyu.edu,Agender,54.114.205.10
183,Enrika,Brislan,ebrislan52@plala.or.jp,Male,83.239.156.227
184,Franchot,Pashby,fpashby53@friendfeed.com,Agender,99.40.191.164
185,Miltie,Tunney,mtunney54@flickr.com,Genderqueer,68.244.213.219
186,Mikkel,Diemer,mdiemer55@deviantart.com,Female,228.166.234.24
187,Chaddy,Cotes,ccotes56@flavors.me,Genderfluid,222.11.175.91
188,Deva,Stennings,dstennings57@netvibes.com,Bigender,124.146.153.154
189,Edgar,Frear,efrear58@prweb.com,Bigender,87.18.80.17
190,Dalenna,Micklem,dmicklem59@msn.com,Bigender,214.81.198.193
191,Nathanial,Cavie,ncavie5a@github.com,Genderfluid,23.76.183.106
192,Forester,Ketchell,fketchell5b@earthlink.net,Polygender,190.57.166.235
193,Ingemar,Brinsford,ibrinsford5c@icq.com,Female,148.206.222.3
194,Curran,Webben,cwebben5d@pcworld.com,Genderfluid,133.169.229.223
195,Moyra,Osgodby,mosgodby5e@thetimes.co.uk,Non-binary,163.117.255.80
196,James,Kembley,jkembley5f@businessinsider.com,Female,86.199.96.50
197,Wang,Utley,wutley5g@geocities.jp,Genderqueer,96.24.110.90
198,Steffen,Costall,scostall5h@psu.edu,Agender,30.25.52.234
199,Aurilia,Le Port,aleport5i@booking.com,Genderfluid,231.171.228.121
200,Hank,Budibent,hbudibent5j@usda.gov,Genderfluid,50.36.15.83
201,Catha,Plues,cplues5k@bluehost.com,Non-binary,165.169.63.86
202,Flossi,Snelle,fsnelle5l@cdbaby.com,Non-binary,137.62.13.31
203,Bria,Rudsdale,brudsdale5m@barnesandnoble.com,Genderfluid,104.153.240.52
204,Vassily,Benwell,vbenwell5n@bloomberg.com,Genderfluid,155.29.249.242
205,Sande,Coton,scoton5o@icq.com,Bigender,202.246.5.104
206,Wilma,Vass,wvass5p@oakley.com,Male,90.60.40.209
207,Andreana,Richardsson,arichardsson5q@storify.com,Agender,52.16.228.23
208,Birk,Firbank,bfirbank5r@gravatar.com,Genderfluid,148.224.77.21
209,Kaylyn,Esselin,kesselin5s@smh.com.au,Non-binary,169.174.11.180
210,Levy,Whitehurst,lwhitehurst5t@sciencedaily.com,Non-binary,185.190.86.183
211,Moe,Huntington,mhuntington5u@smugmug.com,Bigender,166.101.136.237
212,Maryanne,Coyett,mcoyett5v@weather.com,Genderqueer,210.165.140.42
213,Mackenzie,O' Loughran,moloughran5w@redcross.org,Agender,162.220.221.80
214,Forbes,Slisby,fslisby5x@utexas.edu,Genderfluid,227.223.150.239
215,Eugen,Colls,ecolls5y@berkeley.edu,Non-binary,166.109.60.131
216,Nicola,Gissing,ngissing5z@yellowpages.com,Male,139.163.71.47
217,Sioux,Puckett,spuckett60@google.co.uk,Genderfluid,194.39.113.115
218,Hagen,Battson,hbattson61@webeden.co.uk,Polygender,246.158.242.34
219,Diena,MacGaughy,dmacgaughy62@uol.com.br,Genderfluid,19.55.20.106
220,Dudley,Bentote,dbentote63@clickbank.net,Non-binary,15.70.209.28
221,Leroi,Lanston,llanston64@paypal.com,Agender,106.73.115.130
222,Salmon,Abrahamian,sabrahamian65@mac.com,Bigender,242.13.218.170
223,Angele,Knok,aknok66@cnn.com,Female,199.25.105.90
224,Gabriell,Lindborg,glindborg67@businessinsider.com,Agender,149.251.98.128
225,Gayel,Fransemai,gfransemai68@dailymotion.com,Female,122.152.17.26
226,Mel,Whitwam,mwhitwam69@de.vu,Female,250.143.140.217
227,Nadean,Kupke,nkupke6a@comcast.net,Male,94.111.82.127
228,Ricardo,Greatorex,rgreatorex6b@examiner.com,Male,204.9.144.235
229,Robert,Braunle,rbraunle6c@vinaora.com,Bigender,15.95.235.39
230,Celestine,Macknish,cmacknish6d@istockphoto.com,Male,252.139.99.31
231,Nadeen,Segebrecht,nsegebrecht6e@seattletimes.com,Polygender,41.76.4.23
232,Lauree,Harrower,lharrower6f@ovh.net,Genderfluid,175.228.84.236
233,Jodie,Wayper,jwayper6g@hatena.ne.jp,Genderfluid,234.141.152.194
234,Hedi,Jannex,hjannex6h@abc.net.au,Non-binary,36.204.222.135
235,Orv,Howgego,ohowgego6i@ucsd.edu,Genderqueer,106.251.99.183
236,Wynn,Finlator,wfinlator6j@sfgate.com,Agender,39.4.158.49
237,Paddie,Corps,pcorps6k@nbcnews.com,Non-binary,6.106.26.75
238,Sandi,Oris,soris6l@soundcloud.com,Female,10.149.9.26
239,Forrest,Ackermann,fackermann6m@artisteer.com,Bigender,118.244.117.23
240,Salomo,Dollimore,sdollimore6n@google.de,Agender,6.21.113.107
241,Any,Greenall,agreenall6o@uol.com.br,Non-binary,190.148.85.147
242,Constantia,Cockle,ccockle6p@linkedin.com,Genderfluid,133.243.239.64
243,Yoko,Lente,ylente6q@sohu.com,Female,227.14.19.194
244,Alix,Zecchi,azecchi6r@discuz.net,Polygender,222.28.185.6
245,Neel,Stiggers,nstiggers6s@earthlink.net,Genderqueer,23.107.230.71
246,Wynnie,Malthouse,wmalthouse6t@histats.com,Polygender,39.99.9.146
247,Ladonna,Shellum,lshellum6u@weibo.com,Polygender,142.158.237.18
248,Anstice,Laurenzi,alaurenzi6v@utexas.edu,Female,98.202.242.212
249,Shaun,Hackforth,shackforth6w@patch.com,Non-binary,254.224.213.155
250,Dunc,Huntingford,dhuntingford6x@bloglovin.com,Non-binary,95.197.114.211
251,Cathee,Marmyon,cmarmyon6y@ezinearticles.com,Genderfluid,136.158.43.68
252,Nikaniki,Yeo,nyeo6z@desdev.cn,Bigender,72.8.8.80
253,Pauline,Urling,purling70@hostgator.com,Polygender,205.251.65.206
254,Devina,Philipsen,dphilipsen71@simplemachines.org,Bigender,231.138.134.215
255,Shaughn,Boutcher,sboutcher72@booking.com,Genderfluid,186.146.21.117
256,Ediva,O'Kane,eokane73@whitehouse.gov,Genderqueer,230.11.107.41
257,Lianne,Haddacks,lhaddacks74@parallels.com,Non-binary,97.204.255.78
258,Antone,Domelaw,adomelaw75@boston.com,Genderfluid,117.82.33.200
259,Harri,Pasticznyk,hpasticznyk76@weibo.com,Polygender,25.98.239.97
260,Iain,Wolters,iwolters77@artisteer.com,Male,233.242.158.34
261,Tootsie,Mansel,tmansel78@samsung.com,Genderqueer,70.147.148.171
262,Jessie,Throughton,jthroughton79@bravesites.com,Agender,208.240.216.202
263,Mignonne,Aynscombe,maynscombe7a@themeforest.net,Agender,40.233.167.132
264,Pansie,Graben,pgraben7b@mayoclinic.com,Male,138.234.14.251
265,Archaimbaud,Bushby,abushby7c@google.com.hk,Genderqueer,174.51.161.85
266,Mariya,Gillebride,mgillebride7d@infoseek.co.jp,Non-binary,119.1.172.104
267,Eldin,Moncaster,emoncaster7e@phpbb.com,Male,148.219.233.46
268,Gabbey,Ortas,gortas7f@cbc.ca,Genderfluid,247.63.207.83
269,Benedick,Prene,bprene7g@friendfeed.com,Non-binary,84.187.233.109
270,James,Morat,jmorat7h@youtube.com,Genderqueer,78.155.142.233
271,Norbert,McGeever,nmcgeever7i@flavors.me,Non-binary,246.198.136.84
272,Judye,Antoniottii,jantoniottii7j@buzzfeed.com,Female,61.33.186.8
273,Sonia,McIlreavy,smcilreavy7k@utexas.edu,Male,215.194.111.17
274,Anica,Zavittieri,azavittieri7l@rakuten.co.jp,Bigender,250.90.182.144
275,Rowney,MacMurray,rmacmurray7m@baidu.com,Bigender,123.137.17.25
276,Archibald,O'Rudden,aorudden7n@mac.com,Male,29.252.244.198
277,Tibold,Bellfield,tbellfield7o@wp.com,Female,190.39.31.178
278,Ingemar,Natwick,inatwick7p@aol.com,Genderfluid,67.239.198.153
279,Nigel,Gullefant,ngullefant7q@baidu.com,Polygender,233.5.102.129
280,Addy,Wilson,awilson7r@merriam-webster.com,Female,232.253.99.41
281,Kissie,Axcell,kaxcell7s@wix.com,Bigender,158.234.244.246
282,Jere,Stratz,jstratz7t@freewebs.com,Genderfluid,46.198.20.163
283,Dacie,Touzey,dtouzey7u@edublogs.org,Bigender,100.200.48.16
284,Brooke,Weond,bweond7v@about.com,Female,214.248.17.255
285,Loralie,Scutching,lscutching7w@ovh.net,Genderfluid,243.217.208.99
286,Vina,Spykins,vspykins7x@fotki.com,Genderfluid,143.67.13.40
287,Lon,Fairbridge,lfairbridge7y@nytimes.com,Genderfluid,215.83.108.21
288,Hyman,Fairhead,hfairhead7z@accuweather.com,Female,13.23.78.49
289,Desiri,MacNab,dmacnab80@unblog.fr,Male,24.124.222.251
290,Lari,Dyte,ldyte81@un.org,Genderfluid,75.65.53.158
291,Devland,Gyurko,dgyurko82@nymag.com,Genderqueer,164.134.158.242
292,Edouard,Burcombe,eburcombe83@usa.gov,Agender,225.104.122.149
293,Quillan,Branchflower,qbranchflower84@amazon.co.uk,Polygender,165.191.226.209
294,Beilul,Carswell,bcarswell85@dedecms.com,Genderqueer,7.92.37.220
295,Bill,Rivard,brivard86@spiegel.de,Polygender,210.28.168.128
296,Alethea,Arangy,aarangy87@tumblr.com,Bigender,145.138.192.180
297,Maisey,Rowan,mrowan88@patch.com,Male,20.151.100.117
298,Iolande,Seldon,iseldon89@chron.com,Genderqueer,184.60.88.193
299,Tilda,Cucinotta,tcucinotta8a@jiathis.com,Genderqueer,176.0.80.56
300,Lonnie,Pepon,lpepon8b@csmonitor.com,Genderfluid,230.250.95.26
301,Bonnee,Dunne,bdunne8c@4shared.com,Non-binary,218.216.82.3
302,Derril,Roome,droome8d@usatoday.com,Genderfluid,37.72.85.199
303,Vergil,Gonsalvez,vgonsalvez8e@opensource.org,Male,194.72.24.190
304,Yard,Brahms,ybrahms8f@fotki.com,Agender,230.101.19.125
305,Andriette,Perris,aperris8g@yahoo.com,Genderfluid,64.231.22.149
306,Brinna,Spradbrow,bspradbrow8h@liveinternet.ru,Male,117.16.189.122
307,Karolina,Spataro,kspataro8i@bloglines.com,Non-binary,140.56.63.210
308,Marjory,Peagram,mpeagram8j@cnet.com,Non-binary,139.184.228.119
309,Merrill,Tebb,mtebb8k@ebay.co.uk,Genderqueer,104.150.233.150
310,Gayle,Fossord,gfossord8l@msu.edu,Agender,195.150.188.75
311,Gal,Chiverton,gchiverton8m@cdbaby.com,Bigender,103.28.64.31
312,Sarajane,Ogley,sogley8n@hhs.gov,Female,88.166.183.251
313,Patrica,Cove,pcove8o@over-blog.com,Female,82.74.190.37
314,Mavra,Coker,mcoker8p@sourceforge.net,Female,63.188.96.235
315,Marrissa,Inger,minger8q@1und1.de,Bigender,0.146.138.56
316,Neron,Snedden,nsnedden8r@hubpages.com,Agender,176.252.221.10
317,Lorena,Fenwick,lfenwick8s@economist.com,Polygender,250.94.208.120
318,Humfrid,Tiffin,htiffin8t@hibu.com,Bigender,144.214.184.147
319,Koressa,Konzelmann,kkonzelmann8u@taobao.com,Genderqueer,243.146.101.124
320,Claresta,Simmance,csimmance8v@virginia.edu,Agender,93.203.90.189
321,Frasier,Oluwatoyin,foluwatoyin8w@seesaa.net,Genderqueer,152.134.183.149
322,Kilian,Eymer,keymer8x@edublogs.org,Agender,1.217.87.85
323,Kippie,Benini,kbenini8y@adobe.com,Agender,43.162.41.253
324,Amabelle,Boulsher,aboulsher8z@ucla.edu,Genderqueer,32.161.202.231
325,Waylen,Kliment,wkliment90@so-net.ne.jp,Agender,94.232.233.135
326,Ariadne,Stut,astut91@cnbc.com,Bigender,52.76.81.130
327,Daisey,Walicki,dwalicki92@salon.com,Genderqueer,242.218.156.203
328,Sargent,Lakenden,slakenden93@flickr.com,Female,235.84.232.100
329,Ettie,Filon,efilon94@squarespace.com,Agender,34.100.215.131
330,Terrijo,Mattacks,tmattacks95@so-net.ne.jp,Genderqueer,204.227.76.29
331,Shannan,Hesser,shesser96@nytimes.com,Polygender,133.35.225.233
332,Farr,Franchioni,ffranchioni97@ow.ly,Polygender,31.113.255.116
333,Philly,Glynn,pglynn98@wikia.com,Genderqueer,143.250.63.108
334,Boycey,Billingsley,bbillingsley99@about.com,Bigender,116.5.156.124
335,Sandor,Legier,slegier9a@netlog.com,Polygender,97.138.216.111
336,Atlanta,Spelling,aspelling9b@hud.gov,Agender,45.131.97.32
337,Ned,Flegg,nflegg9c@trellian.com,Bigender,90.137.191.124
338,Ewen,Rothchild,erothchild9d@networkadvertising.org,Bigender,17.246.240.134
339,Tracy,Baldcock,tbaldcock9e@blogger.com,Polygender,143.19.3.81
340,Andriette,Dyka,adyka9f@com.com,Genderqueer,161.226.246.123
341,Lebbie,Struis,lstruis9g@alexa.com,Bigender,112.14.77.95
342,Marissa,Padson,mpadson9h@printfriendly.com,Bigender,127.177.90.99
343,Koressa,Louca,klouca9i@tinyurl.com,Genderfluid,196.16.214.99
344,Erwin,Woolford,ewoolford9j@foxnews.com,Non-binary,248.32.162.142
345,Birgitta,Jizhaki,bjizhaki9k@nih.gov,Polygender,191.198.203.37
346,Lacie,Derges,lderges9l@liveinternet.ru,Genderfluid,166.41.243.129
347,Paula,Dusey,pdusey9m@pagesperso-orange.fr,Male,53.46.82.42
348,Lindsey,Smardon,lsmardon9n@ftc.gov,Female,234.146.237.246
349,Sauncho,Bentson,sbentson9o@dot.gov,Female,14.142.154.64
350,Emlynne,Larchiere,elarchiere9p@facebook.com,Genderfluid,48.251.215.138
351,Tulley,Slyde,tslyde9q@cam.ac.uk,Bigender,220.211.133.251
352,Genovera,Sisse,gsisse9r@yahoo.co.jp,Agender,42.184.246.120
353,Andie,Killigrew,akilligrew9s@ustream.tv,Polygender,17.36.172.67
354,Bonnibelle,Boncoeur,bboncoeur9t@hubpages.com,Agender,96.38.108.242
355,Guillaume,Pessolt,gpessolt9u@sbwire.com,Female,249.193.18.147
356,Lionel,Schiersch,lschiersch9v@soup.io,Bigender,177.66.149.247
357,Cristina,Davsley,cdavsley9w@google.cn,Bigender,127.241.44.37
358,Alexander,Keenleyside,akeenleyside9x@ustream.tv,Non-binary,110.142.212.240
359,Teresita,Clymer,tclymer9y@google.it,Genderfluid,73.237.113.3
360,Tate,Yitzhakof,tyitzhakof9z@tumblr.com,Agender,28.174.107.30
361,Yurik,Feldon,yfeldona0@cafepress.com,Bigender,152.231.60.178
362,Allen,Gallear,agalleara1@cornell.edu,Agender,102.250.69.237
363,Zaria,Suggate,zsuggatea2@mozilla.org,Male,148.106.153.81
364,Yvonne,Poulson,ypoulsona3@domainmarket.com,Genderqueer,117.114.35.147
365,Kristen,Papaccio,kpapaccioa4@technorati.com,Agender,131.1.154.212
366,Hewitt,Seedull,hseedulla5@kickstarter.com,Female,222.245.89.15
367,Buddie,Kleinholz,bkleinholza6@sakura.ne.jp,Female,152.81.50.73
368,Virgie,How to preserve,vhowtopreservea7@squidoo.com,Genderqueer,226.232.225.68
369,Ross,Darlison,rdarlisona8@china.com.cn,Genderfluid,125.225.207.180
370,Gottfried,Frill,gfrilla9@tripadvisor.com,Agender,252.142.0.105
371,Tonye,Poynton,tpoyntonaa@angelfire.com,Genderqueer,42.60.117.229
372,Broddy,Wither,bwitherab@tripod.com,Male,201.246.142.198
373,Pansie,Arber,parberac@skype.com,Genderfluid,199.160.189.141
374,Saloma,Wagstaffe,swagstaffead@imgur.com,Non-binary,106.121.6.17
375,Fayina,Ruppel,fruppelae@diigo.com,Agender,251.111.235.51
376,Sanford,Girvin,sgirvinaf@usa.gov,Genderqueer,157.58.75.115
377,Justen,Stollmeier,jstollmeierag@mlb.com,Genderfluid,187.250.228.182
378,Liza,Sapwell,lsapwellah@sun.com,Genderfluid,120.44.228.167
379,Nari,Butterworth,nbutterworthai@bloomberg.com,Bigender,138.12.183.53
380,Lissy,Wartnaby,lwartnabyaj@photobucket.com,Agender,6.126.96.199
381,Gordan,Diter,gditerak@tiny.cc,Polygender,185.21.216.182
382,Olympia,Hilley,ohilleyal@wisc.edu,Genderqueer,250.14.128.180
383,Orv,Yosifov,oyosifovam@dropbox.com,Agender,6.207.230.29
384,Daisie,Rilton,driltonan@nationalgeographic.com,Bigender,253.246.130.178
385,Minerva,O'Lennachain,molennachainao@baidu.com,Genderqueer,47.66.63.59
386,Corry,Campo,ccampoap@shutterfly.com,Non-binary,208.166.67.97
387,Dru,Ruddell,druddellaq@google.ru,Agender,73.193.10.52
388,Mireille,Filippo,mfilippoar@mysql.com,Bigender,91.15.75.232
389,Berkeley,Blest,bblestas@lulu.com,Genderqueer,185.8.107.111
390,Carlene,Lippitt,clippittat@usda.gov,Polygender,35.240.163.154
391,Camilla,Hendrichs,chendrichsau@photobucket.com,Polygender,167.107.34.206
392,Parsifal,Goward,pgowardav@dedecms.com,Bigender,53.10.205.67
393,Keir,Ludmann,kludmannaw@stanford.edu,Female,84.163.226.241
394,See,Hanstock,shanstockax@behance.net,Agender,200.38.20.36
395,Jervis,McKeating,jmckeatingay@symantec.com,Male,193.182.6.253
396,Peg,Grant,pgrantaz@archive.org,Polygender,77.131.101.117
397,Johnathon,Zink,jzinkb0@goodreads.com,Agender,83.101.73.234
398,Niven,Babber,nbabberb1@skype.com,Agender,160.84.142.34
399,Arther,Episcopio,aepiscopiob2@parallels.com,Polygender,186.187.162.46
400,Neville,Lambricht,nlambrichtb3@google.co.uk,Female,5.51.23.68
401,Olly,Flatte,oflatteb4@yahoo.co.jp,Polygender,65.246.165.40
402,Ange,Stockney,astockneyb5@cloudflare.com,Female,255.214.189.144
403,Cleopatra,Dei,cdeib6@tinyurl.com,Female,202.15.90.184
404,Frannie,Roder,froderb7@diigo.com,Non-binary,254.54.221.69
405,Lonnard,Huygens,lhuygensb8@foxnews.com,Bigender,241.20.128.253
406,Arri,Lacy,alacyb9@washington.edu,Male,152.80.242.162
407,Dorie,Mion,dmionba@hc360.com,Female,10.46.163.168
408,Avrit,Pinson,apinsonbb@google.com.au,Genderqueer,3.127.218.242
409,Charlotte,Jozwiak,cjozwiakbc@pcworld.com,Agender,33.77.152.89
410,Yard,Gammack,ygammackbd@alibaba.com,Male,204.226.189.139
411,Pierette,Dimmer,pdimmerbe@elegantthemes.com,Bigender,103.216.245.61
412,Muhammad,Calderonello,mcalderonellobf@epa.gov,Bigender,0.92.61.4
413,Torrance,Shoorbrooke,tshoorbrookebg@cnet.com,Genderfluid,67.37.198.226
414,Johnette,Immins,jimminsbh@reference.com,Polygender,148.92.221.120
415,Lynnett,Zannini,lzanninibi@forbes.com,Genderqueer,250.198.191.23
416,Toni,Blinde,tblindebj@statcounter.com,Male,190.225.90.179
417,Torrance,Vain,tvainbk@shutterfly.com,Genderqueer,127.24.121.76
418,Erin,Regus,eregusbl@acquirethisname.com,Polygender,46.118.146.41
419,Gerri,Mower,gmowerbm@github.io,Genderfluid,83.233.76.79
420,Sasha,Norker,snorkerbn@taobao.com,Male,152.100.93.139
421,Minerva,Brimley,mbrimleybo@flickr.com,Female,117.222.135.168
422,Mindy,Samwyse,msamwysebp@washington.edu,Genderfluid,72.242.113.196
423,Gearalt,McVicker,gmcvickerbq@issuu.com,Genderqueer,70.245.67.218
424,Killian,Leeke,kleekebr@china.com.cn,Genderfluid,139.45.132.129
425,Northrop,Pelzer,npelzerbs@webs.com,Bigender,32.9.189.136
426,Hendrika,Code,hcodebt@opensource.org,Polygender,230.122.201.13
427,Bowie,Cadwallader,bcadwalladerbu@sohu.com,Genderqueer,93.30.66.105
428,Minnaminnie,Stopher,mstopherbv@discovery.com,Polygender,48.141.230.162
429,Maurie,Reschke,mreschkebw@mtv.com,Agender,81.75.90.234
430,Urban,Ruvel,uruvelbx@dot.gov,Female,149.54.64.210
431,Myrna,Seak,mseakby@apple.com,Non-binary,189.247.55.206
432,Imogene,Pond-Jones,ipondjonesbz@studiopress.com,Polygender,165.167.83.6
433,Guilbert,Hoxey,ghoxeyc0@bloglines.com,Genderfluid,53.200.26.232
434,Rob,Fogt,rfogtc1@amazonaws.com,Bigender,173.248.118.122
435,Portie,Melendez,pmelendezc2@reference.com,Non-binary,136.149.226.120
436,Georgianna,Tulloch,gtullochc3@wordpress.org,Female,125.37.166.204
437,Gusty,Comello,gcomelloc4@ovh.net,Bigender,230.98.7.102
438,Tersina,Carnew,tcarnewc5@facebook.com,Non-binary,127.117.216.171
439,Tobye,McPeck,tmcpeckc6@skype.com,Genderqueer,215.242.18.76
440,Rollo,Berrow,rberrowc7@yellowpages.com,Genderfluid,100.60.62.78
441,Ronny,Geffinger,rgeffingerc8@shutterfly.com,Genderfluid,227.202.48.155
442,Viviyan,Backwell,vbackwellc9@thetimes.co.uk,Polygender,79.253.141.73
443,Dorthy,Stobo,dstoboca@vk.com,Male,192.80.58.64
444,Hussein,McGookin,hmcgookincb@theguardian.com,Agender,228.232.54.223
445,Angy,Folkerts,afolkertscc@bizjournals.com,Genderfluid,4.206.80.188
446,Farrah,Quinion,fquinioncd@people.com.cn,Female,107.182.185.235
447,Micky,Reckus,mreckusce@walmart.com,Bigender,101.65.5.49
448,Lauren,Kesley,lkesleycf@google.co.uk,Male,124.19.158.206
449,Darrell,Columbell,dcolumbellcg@craigslist.org,Male,53.233.71.180
450,Brice,Westmarland,bwestmarlandch@macromedia.com,Female,236.134.31.112
451,Miriam,Brokenshire,mbrokenshireci@geocities.jp,Non-binary,31.98.119.236
452,Rip,McKinstry,rmckinstrycj@rambler.ru,Agender,80.168.155.255
453,Abbe,Cavozzi,acavozzick@bloglovin.com,Female,246.203.179.63
454,Raoul,Jouannin,rjouannincl@unblog.fr,Bigender,52.227.1.55
455,See,MacGall,smacgallcm@posterous.com,Bigender,219.207.75.2
456,Serena,Griffey,sgriffeycn@etsy.com,Female,37.164.225.164
457,Rebeka,Springell,rspringellco@free.fr,Male,108.104.205.120
458,Angela,Picopp,apicoppcp@nba.com,Agender,48.159.226.210
459,Lincoln,Radnedge,lradnedgecq@theatlantic.com,Polygender,92.53.51.226
460,Darryl,Jickells,djickellscr@slideshare.net,Bigender,196.155.245.155
461,Bettina,Sainte Paul,bsaintepaulcs@twitpic.com,Polygender,11.239.121.185
462,Euell,Scurrell,escurrellct@who.int,Female,73.233.145.165
463,Horst,Langran,hlangrancu@comcast.net,Bigender,114.162.124.77
464,Rip,Adel,radelcv@tmall.com,Male,198.156.149.217
465,Ibrahim,Dikels,idikelscw@wisc.edu,Non-binary,92.229.175.27
466,Sonia,Kenneway,skennewaycx@hostgator.com,Polygender,158.118.106.136
467,Ransom,Malbon,rmalboncy@sogou.com,Non-binary,72.16.28.109
468,Chrystel,Treadwell,ctreadwellcz@geocities.jp,Agender,3.170.165.238
469,Tobiah,Cooke,tcooked0@imageshack.us,Polygender,125.214.133.216
470,Christan,McLucky,cmcluckyd1@baidu.com,Male,238.209.2.33
471,Gavrielle,Oakton,goaktond2@histats.com,Genderfluid,145.42.48.12
472,Lammond,McManamon,lmcmanamond3@usa.gov,Male,199.101.161.28
473,Anetta,Creenan,acreenand4@ucsd.edu,Female,138.42.106.123
474,Charlie,Riteley,criteleyd5@printfriendly.com,Bigender,48.133.33.251
475,Sheba,Wincer,swincerd6@bloglines.com,Agender,154.142.72.162
476,Jess,Vernham,jvernhamd7@sun.com,Female,39.47.8.177
477,Sophey,Braxay,sbraxayd8@utexas.edu,Genderfluid,97.23.161.210
478,Doretta,Kordt,dkordtd9@nasa.gov,Polygender,155.183.8.110
479,Iggy,Epple,ieppleda@redcross.org,Agender,162.195.11.234
480,Kelsey,Poluzzi,kpoluzzidb@aboutads.info,Male,38.120.52.199
481,Armando,Stubbeley,astubbeleydc@sina.com.cn,Agender,148.27.33.122
482,Wolfgang,Meindl,wmeindldd@auda.org.au,Non-binary,107.245.229.30
483,Selle,Bourdice,sbourdicede@harvard.edu,Genderqueer,25.226.18.124
484,Nicolle,Ruse,nrusedf@wp.com,Genderqueer,174.9.209.191
485,Giacopo,Crichmer,gcrichmerdg@seattletimes.com,Female,209.23.15.252
486,Allayne,Bluck,abluckdh@imageshack.us,Agender,131.157.205.170
487,John,Fritter,jfritterdi@icio.us,Genderfluid,95.135.151.36
488,Ritchie,Piddlesden,rpiddlesdendj@sun.com,Female,240.161.5.10
489,Ruttger,Elies,reliesdk@state.gov,Female,212.194.201.0
490,Silvan,Stutely,sstutelydl@youtube.com,Genderfluid,56.9.250.115
491,Crysta,Fennessy,cfennessydm@epa.gov,Bigender,222.74.58.105
492,Milton,Livzey,mlivzeydn@springer.com,Female,77.155.76.126
493,Tiebold,Antonat,tantonatdo@go.com,Agender,19.142.50.191
494,Bradly,Helbeck,bhelbeckdp@nytimes.com,Bigender,141.120.124.108
495,Danette,Persence,dpersencedq@flavors.me,Female,74.148.17.14
496,Netti,Marskell,nmarskelldr@ox.ac.uk,Polygender,206.95.80.204
497,Enriqueta,Kinton,ekintonds@github.com,Agender,250.4.252.15
498,Sonny,Beesley,sbeesleydt@statcounter.com,Female,163.22.131.17
499,Lianna,Noell,lnoelldu@ft.com,Genderfluid,3.158.210.192
500,Perl,Maskell,pmaskelldv@freewebs.com,Polygender,195.141.31.153
501,Modesty,Ellph,mellphdw@webeden.co.uk,Agender,237.69.217.218
502,Ardys,Caslin,acaslindx@fc2.com,Genderfluid,238.232.46.184
503,Wilone,Learoid,wlearoiddy@networksolutions.com,Female,209.50.222.254
504,Nettie,Daskiewicz,ndaskiewiczdz@tamu.edu,Agender,69.170.42.254
505,Michel,Scandrick,mscandricke0@ebay.com,Polygender,135.146.243.12
506,Mort,Gladdor,mgladdore1@photobucket.com,Genderfluid,115.146.103.184
507,Thatcher,Labrum,tlabrume2@ocn.ne.jp,Polygender,179.180.53.188
508,Ginni,Jeffers,gjefferse3@nyu.edu,Bigender,56.103.224.250
509,Bourke,Blayney,bblayneye4@artisteer.com,Genderfluid,203.38.115.153
510,Amil,Readings,areadingse5@google.com.br,Polygender,193.98.16.22
511,Bastian,Siggens,bsiggense6@phoca.cz,Polygender,237.100.164.146
512,Dolorita,Baxstair,dbaxstaire7@rambler.ru,Non-binary,82.247.170.8
513,Lilli,Mackin,lmackine8@omniture.com,Non-binary,230.128.49.1
514,Jay,Gascard,jgascarde9@merriam-webster.com,Male,45.176.58.85
515,Sonya,Padmore,spadmoreea@accuweather.com,Polygender,191.185.109.114
516,Nye,O'Calleran,nocalleraneb@twitpic.com,Male,121.216.225.222
517,Stevana,Gazzard,sgazzardec@admin.ch,Agender,15.216.59.53
518,Eleni,Chill,echilled@hhs.gov,Female,112.5.0.206
519,Miof mela,Kasper,mkasperee@smh.com.au,Agender,8.30.220.187
520,Margeaux,Winger,mwingeref@studiopress.com,Genderfluid,87.98.73.82
521,Ogdan,Cullin,ocullineg@edublogs.org,Female,72.60.201.116
522,Melany,Maystone,mmaystoneeh@usatoday.com,Agender,85.0.244.52
523,Tracie,Vannikov,tvannikovei@free.fr,Genderqueer,8.26.10.201
524,Thelma,Broxton,tbroxtonej@home.pl,Genderqueer,197.114.79.235
525,Hersh,Evett,hevettek@godaddy.com,Non-binary,128.108.23.234
526,Sharline,Outridge,soutridgeel@drupal.org,Polygender,251.74.220.98
527,Justus,Cockerell,jcockerellem@dion.ne.jp,Genderfluid,55.230.61.110
528,Arlin,Rankling,aranklingen@fema.gov,Genderfluid,142.50.19.187
529,Colby,Bottrill,cbottrilleo@epa.gov,Agender,94.222.68.89
530,Gayler,Samper,gsamperep@jugem.jp,Non-binary,36.155.82.222
531,Bernie,Conen,bconeneq@shutterfly.com,Genderfluid,229.174.31.1
532,Cariotta,Doble,cdobleer@zimbio.com,Non-binary,28.82.180.141
533,Herculie,Barbe,hbarbees@abc.net.au,Non-binary,197.125.35.159
534,Elisabetta,Head,eheadet@forbes.com,Female,43.10.252.239
535,Dinnie,Freeth,dfreetheu@csmonitor.com,Female,108.181.170.122
536,Cordy,Barmadier,cbarmadierev@chron.com,Polygender,61.0.251.226
537,Anitra,Shaves,ashavesew@tamu.edu,Genderqueer,170.174.51.9
538,Jacinta,von Grollmann,jvongrollmannex@cam.ac.uk,Agender,24.217.179.9
539,Ollie,Ralfe,oralfeey@chron.com,Bigender,129.16.58.82
540,Lorain,Mallam,lmallamez@guardian.co.uk,Polygender,40.234.145.48
541,Raleigh,Woodrow,rwoodrowf0@time.com,Genderqueer,251.128.215.0
542,Kai,Wardrop,kwardropf1@altervista.org,Female,102.44.211.128
543,Emily,Narey,enareyf2@utexas.edu,Agender,95.210.179.145
544,Hadleigh,Riccard,hriccardf3@mit.edu,Female,31.108.220.48
545,Arly,Coulsen,acoulsenf4@bloglovin.com,Female,81.73.72.148
546,Jerrylee,Golder,jgolderf5@behance.net,Genderfluid,21.119.75.169
547,Preston,Addyman,paddymanf6@craigslist.org,Genderfluid,165.172.146.84
548,Ezra,Fitzsimons,efitzsimonsf7@mozilla.com,Female,215.150.28.211
549,Clayton,Arton,cartonf8@devhub.com,Male,241.17.62.48
550,Candice,Candey,ccandeyf9@merriam-webster.com,Bigender,212.81.160.5
551,Domenico,Whyberd,dwhyberdfa@upenn.edu,Polygender,179.251.64.28
552,Latashia,Hedgecock,lhedgecockfb@t-online.de,Genderfluid,45.59.133.102
553,Jephthah,Pylkynyton,jpylkynytonfc@desdev.cn,Female,118.222.224.132
554,Guendolen,Duligall,gduligallfd@ovh.net,Genderqueer,8.237.193.84
555,Earvin,Caren,ecarenfe@gov.uk,Male,113.123.203.219
556,Erny,Haster,ehasterff@fda.gov,Non-binary,39.152.152.76
557,Nigel,Master,nmasterfg@i2i.jp,Bigender,52.46.95.163
558,Tully,Cholonin,tcholoninfh@hibu.com,Polygender,235.248.141.113
559,Arlinda,Harsant,aharsantfi@csmonitor.com,Male,43.23.72.215
560,Amelina,Sheppey,asheppeyfj@slate.com,Agender,18.55.235.237
561,Morena,Cabrera,mcabrerafk@bing.com,Polygender,122.173.86.230
562,Merola,Giacomasso,mgiacomassofl@globo.com,Female,57.121.126.144
563,Ramon,Wharin,rwharinfm@meetup.com,Non-binary,249.93.19.4
564,Prinz,Hutten,phuttenfn@baidu.com,Non-binary,56.95.200.105
565,Earlie,Henkens,ehenkensfo@goodreads.com,Genderqueer,95.56.224.252
566,Monah,Tippin,mtippinfp@multiply.com,Bigender,11.10.1.170
567,Glenn,Rushmer,grushmerfq@i2i.jp,Non-binary,6.87.183.254
568,Maurine,Jedraszek,mjedraszekfr@google.com.au,Non-binary,128.216.57.166
569,Vernon,Briton,vbritonfs@deliciousdays.com,Non-binary,179.74.81.214
570,Drucill,Caddell,dcaddellft@surveymonkey.com,Bigender,243.158.242.247
571,Corenda,McLemon,cmclemonfu@rediff.com,Female,131.121.178.218
572,Sada,Essex,sessexfv@behance.net,Genderqueer,254.74.120.3
573,Amalea,Gaskarth,agaskarthfw@bloglines.com,Male,29.45.197.187
574,Tressa,Sharply,tsharplyfx@infoseek.co.jp,Polygender,106.21.208.169
575,Elita,Pickring,epickringfy@pcworld.com,Genderfluid,131.242.128.45
576,Rodi,Kassman,rkassmanfz@printfriendly.com,Non-binary,195.61.205.48
577,Annabella,Simmonett,asimmonettg0@nifty.com,Agender,200.4.43.228
578,Willette,Pharro,wpharrog1@cam.ac.uk,Female,35.84.29.162
579,Adrian,Dondon,adondong2@ucoz.com,Bigender,71.160.151.222
580,Goldina,Cicero,gcicerog3@ed.gov,Male,144.101.224.131
581,Roxanne,Cackett,rcackettg4@last.fm,Genderqueer,209.227.174.207
582,Hazel,Tipple,htippleg5@cloudflare.com,Agender,156.234.126.161
583,Fred,Grellis,fgrellisg6@google.com.au,Bigender,24.221.163.189
584,Pandora,Physick,pphysickg7@issuu.com,Polygender,15.89.22.237
585,Dion,Sheahan,dsheahang8@whitehouse.gov,Non-binary,186.138.65.18
586,Marcie,Simione,msimioneg9@pinterest.com,Genderfluid,218.12.163.186
587,Ivan,Arnall,iarnallga@sitemeter.com,Male,26.165.47.252
588,Frasco,Shoreman,fshoremangb@tinypic.com,Polygender,146.11.49.54
589,Celisse,Walklott,cwalklottgc@wiley.com,Female,102.114.202.247
590,Austina,Kier,akiergd@java.com,Male,90.127.135.198
591,Alverta,Kenen,akenenge@i2i.jp,Non-binary,43.163.215.126
592,Lexi,Corp,lcorpgf@tmall.com,Male,78.85.58.16
593,Gilbert,McMurthy,gmcmurthygg@toplist.cz,Genderfluid,156.201.188.254
594,Eugenio,Jaan,ejaangh@blinklist.com,Non-binary,29.111.61.113
595,Magdalen,Rouch,mrouchgi@youku.com,Genderqueer,54.220.163.247
596,Gal,Laneham,glanehamgj@1und1.de,Bigender,47.172.109.176
597,Valentin,Tapsell,vtapsellgk@soundcloud.com,Non-binary,206.194.23.81
598,Clemmy,Joule,cjoulegl@oakley.com,Non-binary,184.194.161.196
599,Libbie,Cornu,lcornugm@mayoclinic.com,Female,18.200.2.218
600,Karly,Bazylets,kbazyletsgn@guardian.co.uk,Polygender,138.8.253.216
601,Towney,Viner,tvinergo@state.tx.us,Genderqueer,182.189.57.185
602,Ansel,Munro,amunrogp@si.edu,Agender,18.112.166.53
603,Ignacius,Waiton,iwaitongq@facebook.com,Bigender,187.236.195.235
604,Goddart,Pyson,gpysongr@newsvine.com,Polygender,0.241.136.210
605,Aloise,Hubbucke,ahubbuckegs@typepad.com,Male,161.45.225.231
606,Johny,Bulloch,jbullochgt@fotki.com,Non-binary,149.41.185.202
607,Zelma,Varrow,zvarrowgu@parallels.com,Bigender,99.82.218.84
608,Jaime,Kensall,jkensallgv@blogspot.com,Polygender,31.66.9.172
609,Elvis,Squibb,esquibbgw@springer.com,Bigender,17.18.101.33
610,Jimmie,Nation,jnationgx@ebay.com,Agender,234.58.63.187
611,Vladamir,MacAfee,vmacafeegy@nasa.gov,Agender,116.184.5.132
612,Samaria,Toquet,stoquetgz@bbc.co.uk,Polygender,92.95.233.75
613,Catlin,Perkin,cperkinh0@ted.com,Non-binary,10.71.38.103
614,Jessi,Crowcher,jcrowcherh1@whitehouse.gov,Female,57.76.50.57
615,Garvin,Todaro,gtodaroh2@jalbum.net,Agender,218.230.130.249
616,Natty,Ales0,nalesh3@etsy.com,Genderfluid,232.130.182.23
617,Joannes,Gregon,jgregonh4@patch.com,Genderqueer,249.111.72.2
618,Thaxter,Pennetta,tpennettah5@nationalgeographic.com,Bigender,8.222.39.139
619,Scarface,Dallin,sdallinh6@usda.gov,Polygender,143.82.135.14
620,George,Bernardin,gbernardinh7@fc2.com,Agender,226.1.105.255
621,Noemi,Dany,ndanyh8@ovh.net,Genderqueer,21.179.223.223
622,Magdaia,Ossenna,mossennah9@census.gov,Non-binary,99.65.170.226
623,Viki,Whyley,vwhyleyha@theatlantic.com,Bigender,121.193.143.75
624,Dew,Fatscher,dfatscherhb@ftc.gov,Polygender,117.15.231.223
625,Mariam,Novik,mnovikhc@blinklist.com,Polygender,42.29.73.125
626,Arabele,Gale,agalehd@unesco.org,Genderqueer,108.218.102.76
627,Alene,Duckit,aduckithe@blogtalkradio.com,Bigender,66.104.135.190
628,Arte,Hardstaff,ahardstaffhf@google.ru,Genderfluid,113.172.165.81
629,Davy,Sanpher,dsanpherhg@globo.com,Genderqueer,189.249.119.198
630,Barron,Reavell,breavellhh@zimbio.com,Agender,146.133.184.193
631,Aguistin,Grzeszczak,agrzeszczakhi@hostgator.com,Polygender,0.14.24.138
632,Wilow,Simone,wsimonehj@skyrock.com,Non-binary,81.72.98.136
633,Terza,Romain,tromainhk@marketwatch.com,Non-binary,168.31.129.142
634,Rita,Antecki,ranteckihl@seesaa.net,Polygender,29.207.116.190
635,Rikki,Giraudou,rgiraudouhm@cam.ac.uk,Male,247.187.62.45
636,Kippie,Muzzi,kmuzzihn@theglobeandmail.com,Male,233.243.103.126
637,Willard,Sweetnam,wsweetnamho@webnode.com,Agender,190.8.49.27
638,Any,Lamborn,alambornhp@aboutads.info,Non-binary,248.11.40.170
639,Joaquin,McBrady,jmcbradyhq@feedburner.com,Genderqueer,183.223.225.62
640,Mil,Drewet,mdrewethr@alexa.com,Genderqueer,164.156.142.251
641,Trent,Goch,tgochhs@soup.io,Male,5.81.141.61
642,Sophia,Beidebeke,sbeidebekeht@nasa.gov,Polygender,97.234.164.8
643,Cy,Muehler,cmuehlerhu@berkeley.edu,Agender,220.173.123.141
644,Bellanca,Collinge,bcollingehv@blogtalkradio.com,Genderfluid,215.72.180.44
645,Gwen,Brymham,gbrymhamhw@jalbum.net,Bigender,138.220.149.77
646,Pattie,Eilles,peilleshx@umich.edu,Genderfluid,249.27.205.66
647,Kerstin,Skentelbury,kskentelburyhy@slashdot.org,Polygender,124.188.97.204
648,Derril,Marion,dmarionhz@redcross.org,Genderfluid,2.28.209.137
649,Gregoor,McPartlin,gmcpartlini0@alibaba.com,Bigender,243.126.175.168
650,Anne-marie,Wrist,awristi1@miibeian.gov.cn,Non-binary,38.148.228.26
651,Lani,Scartifield,lscartifieldi2@furl.net,Non-binary,49.224.221.18
652,Jeri,Katt,jkatti3@bbb.org,Male,203.106.25.116
653,Stella,Sterling,ssterlingi4@deviantart.com,Female,234.29.202.249
654,Renard,Nuzzetti,rnuzzettii5@psu.edu,Female,91.12.186.54
655,Zorana,Lockyear,zlockyeari6@netvibes.com,Female,120.50.176.242
656,Jeramie,Plows,jplowsi7@ca.gov,Polygender,157.174.208.2
657,Colly,Rushmare,crushmarei8@bizjournals.com,Agender,71.22.113.23
658,Glenine,Timlett,gtimletti9@canalblog.com,Female,221.18.63.58
659,Gabbey,Lanning,glanningia@yellowpages.com,Female,219.159.69.144
660,Dinny,Embling,demblingib@msu.edu,Male,92.238.103.76
661,Roshelle,Ferraron,rferraronic@flickr.com,Genderfluid,102.254.143.204
662,Othilie,Sawney,osawneyid@shop-pro.jp,Non-binary,157.153.73.154
663,Rosco,Whopples,rwhopplesie@ucoz.com,Polygender,112.73.25.120
664,Emmi,Clout,ecloutif@comsenz.com,Genderfluid,42.109.196.11
665,Gianna,Gentiry,ggentiryig@yahoo.com,Genderfluid,187.0.178.98
666,Dix,Bowmen,dbowmenih@flickr.com,Male,15.3.10.189
667,Bendick,Lokier,blokierii@prlog.org,Genderfluid,164.161.158.201
668,Mellie,Easun,measunij@dell.com,Bigender,87.224.187.48
669,Norma,Gibbie,ngibbieik@elpais.com,Bigender,74.208.180.71
670,Lambert,Schops,lschopsil@addtoany.com,Male,24.105.61.238
671,Kenton,Claris,kclarisim@bloglines.com,Male,204.116.232.55
672,Ashley,Cassels,acasselsin@webnode.com,Non-binary,145.214.37.130
673,Portia,Achromov,pachromovio@nsw.gov.au,Non-binary,100.30.158.174
674,Dianna,Smither,dsmitherip@behance.net,Agender,31.187.193.172
675,Jeffrey,Caddock,jcaddockiq@networksolutions.com,Genderqueer,97.39.14.98
676,Leonhard,Barkes,lbarkesir@people.com.cn,Male,143.242.68.32
677,Donica,Urwen,durwenis@posterous.com,Genderqueer,70.151.82.139
678,Annissa,Hendricks,ahendricksit@wix.com,Genderqueer,61.10.38.4
679,Amalita,Slaymaker,aslaymakeriu@de.vu,Genderfluid,169.31.164.28
680,Angele,Crookshank,acrookshankiv@goo.ne.jp,Genderfluid,234.95.232.102
681,Dorie,Coulston,dcoulstoniw@jugem.jp,Non-binary,23.148.27.91
682,Bartolomeo,Ryle,bryleix@earthlink.net,Genderfluid,92.160.16.187
683,Lexy,Roswarne,lroswarneiy@gov.uk,Polygender,243.126.66.149
684,Aubrette,McCall,amccalliz@google.pl,Non-binary,38.189.144.77
685,Malachi,Klossek,mklossekj0@ehow.com,Genderqueer,98.130.179.167
686,Evan,Bridel,ebridelj1@ox.ac.uk,Genderfluid,255.24.0.149
687,Winona,Fishbourn,wfishbournj2@slate.com,Non-binary,94.226.143.187
688,Dorie,McAree,dmcareej3@sfgate.com,Genderfluid,61.123.147.131
689,Osmond,Gibling,ogiblingj4@com.com,Female,216.78.186.214
690,Renado,Martlew,rmartlewj5@ted.com,Polygender,199.76.63.87
691,Vivie,Landa,vlandaj6@loc.gov,Polygender,103.92.81.4
692,Nap,Gegay,ngegayj7@samsung.com,Male,30.89.70.221
693,Eadie,Eager,eeagerj8@engadget.com,Male,37.25.161.55
694,Towney,Hughman,thughmanj9@ibm.com,Non-binary,222.226.44.160
695,Sada,Linner,slinnerja@hc360.com,Male,218.124.50.44
696,Ivett,Chomiszewski,ichomiszewskijb@skype.com,Genderqueer,201.169.169.19
697,Lora,Malarkey,lmalarkeyjc@facebook.com,Polygender,189.245.239.62
698,Gerrard,Duker,gdukerjd@quantcast.com,Female,38.41.200.67
699,Fabian,Skippon,fskipponje@hud.gov,Polygender,12.151.188.106
700,Glenine,Caslin,gcaslinjf@telegraph.co.uk,Male,55.142.53.29
701,Greg,Nuss,gnussjg@jigsy.com,Male,78.110.37.81
702,Merrill,Yearns,myearnsjh@mediafire.com,Female,84.110.17.86
703,Nadia,Jeste,njesteji@typepad.com,Genderfluid,116.69.18.154
704,Ely,Davall,edavalljj@networkadvertising.org,Genderqueer,86.228.181.173
705,Lefty,Kinder,lkinderjk@123-reg.co.uk,Male,55.105.115.205
706,Guido,Tongue,gtonguejl@so-net.ne.jp,Genderqueer,19.248.165.67
707,Renato,Prujean,rprujeanjm@google.co.uk,Non-binary,237.122.158.14
708,Conrado,Walentynowicz,cwalentynowiczjn@omniture.com,Bigender,86.241.147.233
709,Nikos,Morrall,nmorralljo@independent.co.uk,Bigender,71.161.217.189
710,Townsend,Mathouse,tmathousejp@usda.gov,Non-binary,31.103.89.190
711,Hildegarde,Achromov,hachromovjq@people.com.cn,Male,208.197.186.196
712,Emlyn,Weinham,eweinhamjr@mediafire.com,Agender,136.40.181.179
713,Elset,Houlston,ehoulstonjs@hc360.com,Polygender,83.152.58.170
714,Gerome,Nevin,gnevinjt@histats.com,Polygender,183.229.141.24
715,Kerr,Poytheras,kpoytherasju@wp.com,Agender,152.223.169.52
716,Josey,Crisall,jcrisalljv@tuttocitta.it,Genderqueer,115.92.43.113
717,Jessalin,Arrault,jarraultjw@mit.edu,Genderfluid,132.205.237.50
718,Urbanus,Lambird,ulambirdjx@bbb.org,Polygender,239.253.0.207
719,Ilaire,Bener,ibenerjy@economist.com,Bigender,118.188.123.51
720,Phedra,Dewbury,pdewburyjz@virginia.edu,Agender,58.143.126.53
721,Gwendolyn,Ikin,gikink0@1und1.de,Genderfluid,36.202.70.79
722,Stephie,Rissen,srissenk1@ibm.com,Bigender,54.85.155.146
723,Kelley,Roisen,kroisenk2@goodreads.com,Genderfluid,75.87.213.68
724,Leslie,Decroix,ldecroixk3@printfriendly.com,Genderqueer,16.199.151.90
725,Adrien,Bollum,abollumk4@seesaa.net,Bigender,232.187.188.74
726,Shelia,Gipps,sgippsk5@theglobeandmail.com,Male,147.218.12.110
727,Fayina,Farlham,ffarlhamk6@whitehouse.gov,Agender,34.111.16.59
728,Antoinette,Clogg,acloggk7@latimes.com,Polygender,11.82.25.240
729,Jacky,Clamp,jclampk8@wsj.com,Genderqueer,144.153.72.97
730,Bing,Ielden,bieldenk9@eventbrite.com,Genderqueer,98.116.145.172
731,Emogene,Dews,edewska@marriott.com,Genderfluid,149.81.248.145
732,Goldy,de Almeida,gdealmeidakb@cafepress.com,Genderfluid,159.105.104.105
733,Salvatore,Tevelov,stevelovkc@mayoclinic.com,Non-binary,104.3.84.103
734,Brandi,Phlipon,bphliponkd@constantcontact.com,Genderqueer,147.198.229.152
735,Crosby,Daid,cdaidke@chicagotribune.com,Polygender,139.66.170.105
736,Terrell,Huggard,thuggardkf@netvibes.com,Genderqueer,64.139.250.125
737,Emlen,Chetwynd,echetwyndkg@java.com,Polygender,123.54.122.232
738,Eziechiele,McMearty,emcmeartykh@google.pl,Non-binary,87.101.197.255
739,Franz,Manktelow,fmanktelowki@marketwatch.com,Non-binary,140.88.180.147
740,Georges,Guinan,gguinankj@123-reg.co.uk,Agender,50.199.220.221
741,Jobie,McCullogh,jmcculloghkk@constantcontact.com,Bigender,71.113.70.86
742,Jethro,Mills,jmillskl@un.org,Genderqueer,152.176.184.123
743,Caryl,Krebs,ckrebskm@admin.ch,Female,19.212.43.190
744,Rodge,Realff,rrealffkn@furl.net,Non-binary,162.7.180.236
745,Odilia,Laneham,olanehamko@wufoo.com,Genderqueer,104.204.109.181
746,Kris,Clampin,kclampinkp@51.la,Genderqueer,39.218.61.166
747,Jethro,Asple,jasplekq@cbslocal.com,Genderqueer,204.178.231.242
748,Sky,Bond,sbondkr@marriott.com,Agender,26.164.141.205
749,Alon,Orritt,aorrittks@digg.com,Genderfluid,174.145.181.37
750,Hughie,Quenell,hquenellkt@nsw.gov.au,Agender,200.119.134.239
751,Wade,Rivallant,wrivallantku@ox.ac.uk,Genderfluid,241.94.100.32
752,Perle,Olijve,polijvekv@aboutads.info,Polygender,22.62.248.15
753,Torey,Verne,tvernekw@zimbio.com,Genderqueer,39.61.228.20
754,Carce,Jenny,cjennykx@bing.com,Male,111.31.2.68
755,Darrel,Phear,dphearky@ebay.com,Female,202.181.120.80
756,Isador,Liversedge,iliversedgekz@reddit.com,Polygender,166.171.36.201
757,Fidela,La Padula,flapadulal0@e-recht24.de,Polygender,143.93.240.64
758,Shae,Ianizzi,sianizzil1@booking.com,Bigender,106.84.42.254
759,Frank,Brammall,fbrammalll2@nyu.edu,Bigender,225.232.109.63
760,Geoffry,Maypowder,gmaypowderl3@xing.com,Male,137.83.241.1
761,Helenka,Shirtliff,hshirtliffl4@constantcontact.com,Genderfluid,89.125.37.87
762,Korney,Rodliff,krodliffl5@multiply.com,Female,152.152.95.174
763,Nettle,Bewsey,nbewseyl6@webs.com,Genderqueer,21.248.137.124
764,Cordelie,Nyland,cnylandl7@ft.com,Agender,74.42.159.222
765,Amalita,Galvin,agalvinl8@techcrunch.com,Bigender,242.96.166.75
766,Tabina,German,tgermanl9@cdbaby.com,Genderqueer,207.49.239.3
767,Marc,Kiddle,mkiddlela@dedecms.com,Genderfluid,182.23.253.8
768,Reagen,Boffey,rboffeylb@sun.com,Non-binary,86.230.214.100
769,Mycah,Slyman,mslymanlc@examiner.com,Non-binary,45.163.56.137
770,Hastings,Linbohm,hlinbohmld@meetup.com,Genderfluid,191.237.228.205
771,Haze,McGenn,hmcgennle@comsenz.com,Female,55.10.36.165
772,Willamina,Sparshott,wsparshottlf@networksolutions.com,Genderqueer,69.45.213.82
773,Angela,Harrismith,aharrismithlg@wordpress.com,Genderqueer,202.117.118.136
774,Siegfried,Conibeer,sconibeerlh@japanpost.jp,Genderfluid,137.192.139.47
775,Candice,Bockings,cbockingsli@intel.com,Agender,103.238.95.138
776,Myrwyn,Bossel,mbossellj@barnesandnoble.com,Polygender,231.234.26.55
777,Kailey,Halvosen,khalvosenlk@hao123.com,Non-binary,159.2.189.99
778,Thom,D'Errico,tderricoll@aboutads.info,Female,140.73.177.194
779,Phylys,Malinowski,pmalinowskilm@artisteer.com,Bigender,145.15.64.226
780,Thedrick,Peasey,tpeaseyln@hexun.com,Agender,5.208.134.89
781,Ardisj,Ginley,aginleylo@globo.com,Genderqueer,217.196.23.75
782,Stevy,Brinson,sbrinsonlp@spiegel.de,Agender,247.14.42.118
783,Roanna,Dioniso,rdionisolq@goo.gl,Genderqueer,77.204.46.137
784,Bradley,Dencs,bdencslr@jiathis.com,Agender,159.88.221.125
785,Mellisa,Prosh,mproshls@bloomberg.com,Genderqueer,248.91.247.166
786,Cchaddie,Riden,cridenlt@yellowbook.com,Genderqueer,204.215.200.114
787,Daren,Geroldi,dgeroldilu@stanford.edu,Genderfluid,80.167.77.140
788,Cobby,Seckington,cseckingtonlv@washington.edu,Male,196.193.86.59
789,Hoyt,Ferrarin,hferrarinlw@wordpress.com,Female,47.43.161.229
790,Fredelia,Borthram,fborthramlx@barnesandnoble.com,Agender,8.36.147.82
791,Matthus,Rohlfing,mrohlfingly@ezinearticles.com,Non-binary,168.101.35.165
792,Anastasie,Bangley,abangleylz@homestead.com,Genderfluid,41.52.214.32
793,Brenn,Bratt,bbrattm0@sciencedirect.com,Female,197.208.30.234
794,Jacquelyn,Muge,jmugem1@berkeley.edu,Agender,63.230.215.234
795,El,Batie,ebatiem2@amazon.de,Genderfluid,129.20.247.88
796,Crin,Narducci,cnarduccim3@xinhuanet.com,Agender,50.220.82.201
797,Kathe,Sargint,ksargintm4@reference.com,Bigender,31.196.8.13
798,Northrop,Stapylton,nstapyltonm5@google.de,Polygender,144.231.51.5
799,Amalle,McKeever,amckeeverm6@qq.com,Agender,140.161.157.179
800,Marlene,Tatters,mtattersm7@opensource.org,Agender,95.184.63.141
801,Ely,Fawckner,efawcknerm8@mashable.com,Genderqueer,19.87.232.194
802,Case,Cowx,ccowxm9@oaic.gov.au,Bigender,169.118.26.56
803,Frank,Lequeux,flequeuxma@intel.com,Genderfluid,7.125.158.246
804,Horst,Normant,hnormantmb@nytimes.com,Genderqueer,102.160.240.219
805,Findlay,Crosland,fcroslandmc@princeton.edu,Female,101.155.5.125
806,Josey,Oppery,jopperymd@berkeley.edu,Genderfluid,151.191.194.228
807,Ernest,Hayfield,ehayfieldme@irs.gov,Genderfluid,225.177.7.17
808,Michal,Speakman,mspeakmanmf@free.fr,Polygender,4.118.33.190
809,Maurise,Seefus,mseefusmg@loc.gov,Male,61.27.57.13
810,Clerkclaude,Bonnet,cbonnetmh@cargocollective.com,Genderqueer,83.148.224.37
811,Sophia,Roan,sroanmi@examiner.com,Polygender,253.169.95.106
812,Alley,Ciccottini,aciccottinimj@vimeo.com,Female,63.174.212.82
813,Clementine,Amphlett,camphlettmk@samsung.com,Agender,131.238.169.5
814,Kalli,Brea,kbreaml@sina.com.cn,Genderfluid,157.169.76.102
815,Sherill,Brunelli,sbrunellimm@upenn.edu,Polygender,200.184.30.109
816,Flynn,Frosdick,ffrosdickmn@reference.com,Non-binary,237.28.35.118
817,Kalina,Boman,kbomanmo@ycombinator.com,Bigender,157.244.207.69
818,Kristoforo,Couves,kcouvesmp@yellowpages.com,Genderqueer,76.28.91.184
819,Shea,O'Shiel,soshielmq@cnn.com,Polygender,113.215.228.235
820,Binnie,Townrow,btownrowmr@baidu.com,Bigender,215.113.224.30
821,Janeen,Blankley,jblankleyms@baidu.com,Polygender,234.165.190.70
822,Gianina,Lias,gliasmt@yale.edu,Genderfluid,179.184.160.216
823,Codie,Crone,ccronemu@house.gov,Agender,139.144.220.255
824,Dion,Cleminson,dcleminsonmv@cargocollective.com,Male,99.241.186.49
825,Dixie,Edison,dedisonmw@simplemachines.org,Non-binary,233.95.247.241
826,Dierdre,Burtonshaw,dburtonshawmx@163.com,Non-binary,62.194.251.11
827,Elene,Jamblin,ejamblinmy@go.com,Agender,210.134.200.233
828,Warner,Richfield,wrichfieldmz@sbwire.com,Male,86.250.188.139
829,Aila,Mariolle,amariollen0@uol.com.br,Male,190.129.11.14
830,Aurelia,Francesco,afrancescon1@biblegateway.com,Female,224.8.117.106
831,Francine,Osorio,fosorion2@privacy.gov.au,Bigender,196.33.212.30
832,Gordy,Viveash,gviveashn3@senate.gov,Genderqueer,153.184.15.84
833,Ernie,Sygroves,esygrovesn4@blinklist.com,Genderfluid,42.188.152.254
834,Trudy,Swayton,tswaytonn5@wiley.com,Bigender,132.240.117.91
835,Vivi,Sannes,vsannesn6@arizona.edu,Female,211.45.197.16
836,Melessa,Nellen,mnellenn7@blinklist.com,Genderfluid,69.6.129.228
837,Alister,Hardie,ahardien8@goo.gl,Polygender,223.99.248.178
838,Gaynor,Beckles,gbecklesn9@surveymonkey.com,Polygender,37.135.23.112
839,Danny,Hawtrey,dhawtreyna@constantcontact.com,Female,1.14.236.17
840,Binny,Kunzler,bkunzlernb@typepad.com,Genderfluid,46.188.7.131
841,Hymie,Dilon,hdilonnc@ca.gov,Female,195.225.187.54
842,Keir,Gettens,kgettensnd@tinypic.com,Agender,9.222.44.7
843,Cherin,Parlatt,cparlattne@prweb.com,Genderqueer,70.122.161.18
844,Nikita,Causnett,ncausnettnf@princeton.edu,Genderfluid,131.140.69.149
845,Rem,Henzer,rhenzerng@geocities.jp,Genderfluid,122.90.230.38
846,Quinton,Nadin,qnadinnh@csmonitor.com,Male,201.243.27.169
847,Emile,Lumber,elumberni@scientificamerican.com,Male,147.100.36.83
848,Nikolas,Glendzer,nglendzernj@xinhuanet.com,Non-binary,17.87.185.155
849,Horten,Ellwand,hellwandnk@imgur.com,Genderqueer,15.135.108.131
850,Ignace,Storie,istorienl@blogger.com,Genderfluid,51.27.251.66
851,Weston,Londors,wlondorsnm@army.mil,Genderfluid,89.92.191.199
852,Deina,Salomon,dsalomonnn@bbc.co.uk,Agender,232.170.218.212
853,Gaby,Szymonowicz,gszymonowiczno@geocities.com,Female,172.227.136.44
854,Ava,Talbot,atalbotnp@wikipedia.org,Female,84.247.54.121
855,Elroy,MacTerrelly,emacterrellynq@alexa.com,Genderfluid,103.54.67.251
856,Teresita,Rockcliff,trockcliffnr@w3.org,Polygender,209.53.158.161
857,Aidan,Stirtle,astirtlens@creativecommons.org,Male,5.76.175.102
858,Ferdinande,Blakely,fblakelynt@sakura.ne.jp,Non-binary,21.67.185.197
859,Reyna,Lahrs,rlahrsnu@indiatimes.com,Female,75.201.209.129
860,Quincey,Marshfield,qmarshfieldnv@samsung.com,Agender,163.26.157.181
861,Kevan,Meus,kmeusnw@go.com,Genderqueer,10.66.193.183
862,Amye,Tomas,atomasnx@shareasale.com,Genderfluid,250.6.107.239
863,Carrie,Goddman,cgoddmanny@bandcamp.com,Polygender,45.246.47.214
864,Calv,Katte,ckattenz@ox.ac.uk,Genderqueer,153.125.171.172
865,Menard,Mico,mmicoo0@flavors.me,Polygender,123.104.227.205
866,Rudiger,Haysham,rhayshamo1@people.com.cn,Bigender,52.41.40.26
867,Bret,Durtnal,bdurtnalo2@lulu.com,Genderqueer,13.238.54.96
868,Corrianne,Trim,ctrimo3@bbb.org,Bigender,93.200.155.20
869,Demetre,Lawrenceson,dlawrencesono4@phpbb.com,Genderfluid,44.241.148.133
870,Krispin,O'Flaverty,koflavertyo5@upenn.edu,Polygender,182.241.61.188
871,Vidovik,Curness,vcurnesso6@phpbb.com,Polygender,175.74.122.241
872,Hogan,Sandercock,hsandercocko7@indiatimes.com,Female,42.143.103.165
873,Arabela,Bignell,abignello8@goodreads.com,Bigender,121.92.86.119
874,Beryl,Scotland,bscotlando9@dedecms.com,Polygender,143.3.15.43
875,Dario,Regis,dregisoa@cnn.com,Non-binary,42.137.114.120
876,Stella,Woolstenholmes,swoolstenholmesob@macromedia.com,Polygender,243.218.229.170
877,Tull,Orrill,torrilloc@bloglovin.com,Non-binary,4.145.75.241
878,Georgena,Rennox,grennoxod@mediafire.com,Non-binary,126.191.181.201
879,Charmane,Chadburn,cchadburnoe@dell.com,Polygender,229.223.147.117
880,Idalina,Durrand,idurrandof@umn.edu,Female,28.170.238.65
881,Cynthy,Goscomb,cgoscombog@ovh.net,Genderqueer,226.251.68.237
882,Archibaldo,Chansonne,achansonneoh@alibaba.com,Genderfluid,16.8.16.176
883,Sansone,Hatchett,shatchettoi@ucoz.com,Genderqueer,217.230.214.239
884,Sylvan,Stoneley,sstoneleyoj@github.com,Bigender,249.40.200.199
885,Oneida,Lepper,olepperok@ca.gov,Agender,143.123.181.147
886,Mitchel,Garrow,mgarrowol@vk.com,Non-binary,133.69.201.4
887,Annmarie,Quiddinton,aquiddintonom@mtv.com,Polygender,204.57.178.102
888,Birgitta,MacCheyne,bmaccheyneon@photobucket.com,Female,11.252.20.118
889,Loleta,Rentoll,lrentolloo@printfriendly.com,Non-binary,10.238.166.130
890,Darb,Hibbart,dhibbartop@de.vu,Bigender,67.100.224.75
891,Charley,Hadkins,chadkinsoq@goo.gl,Genderqueer,199.58.74.129
892,Stanislaus,Peaden,speadenor@uiuc.edu,Agender,27.135.183.46
893,Aurie,Orgill,aorgillos@wikimedia.org,Agender,251.94.37.181
894,Karry,Genn,kgennot@dion.ne.jp,Genderfluid,39.172.235.218
895,Germayne,Simondson,gsimondsonou@topsy.com,Genderqueer,110.139.91.148
896,Goldie,Benyon,gbenyonov@amazon.de,Genderfluid,134.90.26.240
897,Wilhelmina,Armfirld,warmfirldow@pbs.org,Non-binary,255.66.18.158
898,Kristo,Giovannacci,kgiovannacciox@chicagotribune.com,Agender,254.47.9.153
899,Windy,Harle,wharleoy@qq.com,Polygender,18.245.195.78
900,Fedora,Woodcock,fwoodcockoz@google.fr,Non-binary,16.55.69.48
901,Friedrich,Ebbles,febblesp0@time.com,Genderqueer,62.140.109.178
902,Raimondo,Babidge,rbabidgep1@wikipedia.org,Genderqueer,220.107.125.47
903,Dani,Fursey,dfurseyp2@shareasale.com,Non-binary,213.102.20.34
904,Catharine,Adel,cadelp3@globo.com,Non-binary,187.169.83.24
905,Engracia,Jahnig,ejahnigp4@drupal.org,Non-binary,203.42.54.58
906,Olive,Ryson,orysonp5@arizona.edu,Agender,247.143.16.72
907,Regan,MacShirrie,rmacshirriep6@squidoo.com,Bigender,204.32.213.193
908,Maury,Kettleson,mkettlesonp7@google.com.au,Bigender,115.81.158.5
909,Sergio,Tolerton,stolertonp8@gov.uk,Genderfluid,179.236.7.103
910,Giffer,Fipp,gfippp9@va.gov,Genderfluid,98.232.33.63
911,Katlin,Haughton,khaughtonpa@woothemes.com,Female,181.115.135.74
912,Aloysius,Newick,anewickpb@sbwire.com,Agender,181.199.78.222
913,Alli,Shute,ashutepc@ibm.com,Non-binary,145.29.152.93
914,Barron,Auchterlony,bauchterlonypd@ezinearticles.com,Genderfluid,229.23.35.94
915,Pamela,Berndsen,pberndsenpe@google.ca,Bigender,252.211.81.8
916,Birch,Middleweek,bmiddleweekpf@google.nl,Genderqueer,116.191.150.77
917,Adda,Leighton,aleightonpg@privacy.gov.au,Genderfluid,159.149.148.215
918,Heddi,Baszkiewicz,hbaszkiewiczph@umich.edu,Polygender,233.253.56.163
919,Cesya,Nortunen,cnortunenpi@tamu.edu,Bigender,115.3.62.137
920,Novelia,Pittet,npittetpj@google.cn,Bigender,33.227.8.80
921,Caresse,Clewes,cclewespk@delicious.com,Non-binary,114.253.152.157
922,Ulric,Bonniface,ubonnifacepl@fda.gov,Male,204.121.239.248
923,Tobin,Abisetti,tabisettipm@sciencedaily.com,Genderqueer,216.248.221.34
924,Candra,Fagence,cfagencepn@adobe.com,Bigender,42.226.45.168
925,Jud,Mabee,jmabeepo@msu.edu,Genderfluid,70.169.41.19
926,Paxon,Graalmans,pgraalmanspp@noaa.gov,Polygender,44.173.64.124
927,Roth,Degnen,rdegnenpq@123-reg.co.uk,Polygender,84.22.34.238
928,Marna,Reihm,mreihmpr@phpbb.com,Genderqueer,15.204.243.93
929,Kirstin,Airds,kairdsps@npr.org,Agender,47.159.200.88
930,Bobby,Brantl,bbrantlpt@pbs.org,Genderqueer,6.173.157.18
931,Bartholomew,Zmitrovich,bzmitrovichpu@aol.com,Genderfluid,142.216.41.35
932,Rosalie,Counter,rcounterpv@sun.com,Female,191.152.28.98
933,Ted,Hamblin,thamblinpw@mail.ru,Agender,82.29.236.108
934,Obidiah,Conew,oconewpx@oracle.com,Polygender,166.221.241.162
935,Milton,Pybworth,mpybworthpy@barnesandnoble.com,Polygender,164.177.188.69
936,Kyle,Ciobutaru,kciobutarupz@ed.gov,Genderfluid,147.235.143.178
937,Dorri,Jaulme,djaulmeq0@sina.com.cn,Male,76.242.42.123
938,Noellyn,Wadhams,nwadhamsq1@ibm.com,Non-binary,113.222.42.1
939,Charlean,Aliman,calimanq2@prnewswire.com,Male,82.235.46.201
940,Aaron,Slevin,aslevinq3@hao123.com,Female,7.138.240.96
941,Wren,Roddick,wroddickq4@about.me,Bigender,198.240.167.208
942,Ardisj,Peeter,apeeterq5@amazon.de,Agender,140.22.180.14
943,Kellia,Bugbee,kbugbeeq6@fotki.com,Genderqueer,45.232.236.134
944,Lavena,France,lfranceq7@purevolume.com,Female,219.203.67.7
945,Evvy,Bonin,eboninq8@bbb.org,Male,161.170.42.93
946,Deloris,Tandey,dtandeyq9@hexun.com,Male,166.95.191.159
947,Carla,Babcock,cbabcockqa@unblog.fr,Non-binary,34.156.217.165
948,Martelle,Arnowitz,marnowitzqb@vk.com,Agender,188.221.126.37
949,Theobald,Prise,tpriseqc@arizona.edu,Female,42.3.244.214
950,Cyril,McCorrie,cmccorrieqd@dion.ne.jp,Male,59.237.180.181
951,Trent,Windows,twindowsqe@fastcompany.com,Bigender,82.3.73.170
952,Dionis,Gavey,dgaveyqf@myspace.com,Genderqueer,254.3.160.64
953,Lily,Rutley,lrutleyqg@unicef.org,Polygender,76.214.44.96
954,Jaynell,Cropper,jcropperqh@e-recht24.de,Agender,43.248.18.8
955,Gabbie,Aluard,galuardqi@goo.gl,Male,1.27.200.117
956,Erek,O'Hickey,eohickeyqj@marketwatch.com,Female,158.128.61.48
957,Clarance,Rickesies,crickesiesqk@ucoz.ru,Male,52.76.226.208
958,Wallis,Lideard,wlideardql@constantcontact.com,Bigender,4.87.159.139
959,Minette,Gartside,mgartsideqm@t.co,Non-binary,162.56.222.247
960,Ward,Amorine,wamorineqn@odnoklassniki.ru,Genderfluid,141.27.74.159
961,Jesse,Leese,jleeseqo@ed.gov,Male,110.187.136.28
962,Georgine,Children,gchildrenqp@tmall.com,Bigender,30.105.19.228
963,Nolan,Duigan,nduiganqq@elpais.com,Non-binary,42.56.255.27
964,Bea,Reinmar,breinmarqr@apache.org,Genderqueer,162.20.59.31
965,Myrtia,Shuttell,mshuttellqs@kickstarter.com,Male,123.97.214.95
966,Tamarah,Gerrit,tgerritqt@shareasale.com,Polygender,173.181.196.130
967,Nils,Newman,nnewmanqu@cnn.com,Non-binary,98.236.163.17
968,Heriberto,Pimer,hpimerqv@pinterest.com,Female,61.208.224.8
969,Jasmin,Eastbury,jeastburyqw@wordpress.com,Genderqueer,139.84.22.160
970,Gregoor,Czajka,gczajkaqx@princeton.edu,Female,73.31.69.52
971,Ramona,Timbrell,rtimbrellqy@craigslist.org,Non-binary,246.130.167.244
972,Shandie,Perel,sperelqz@hp.com,Female,128.183.45.93
973,Dory,Cottle,dcottler0@netvibes.com,Genderfluid,236.233.20.106
974,Malachi,Pennington,mpenningtonr1@twitter.com,Polygender,17.166.197.237
975,Sharl,Hambidge,shambidger2@cnbc.com,Bigender,60.124.170.26
976,Frasquito,Stratiff,fstratiffr3@jalbum.net,Male,27.167.63.240
977,Hermon,Surfleet,hsurfleetr4@toplist.cz,Bigender,16.128.38.175
978,Baryram,Swepstone,bswepstoner5@xrea.com,Male,80.209.134.21
979,Hilary,Ede,heder6@cocolog-nifty.com,Bigender,158.147.227.132
980,Grissel,Ropartz,gropartzr7@washingtonpost.com,Bigender,170.225.143.3
981,Sydney,Plevey,spleveyr8@hc360.com,Non-binary,52.29.161.216
982,Cyndy,Liebmann,cliebmannr9@goo.ne.jp,Agender,126.42.180.208
983,Ivie,Jeanequin,ijeanequinra@scribd.com,Agender,7.118.95.246
984,Roxanna,Greenway,rgreenwayrb@tinypic.com,Polygender,185.210.188.71
985,Cchaddie,Durnin,cdurninrc@seattletimes.com,Male,23.17.174.192
986,Shalom,McClounan,smcclounanrd@amazon.com,Bigender,128.186.63.208
987,Toby,Renwick,trenwickre@cyberchimps.com,Genderfluid,30.208.178.67
988,Katie,Sterrie,ksterrierf@nasa.gov,Genderfluid,142.7.199.36
989,Etienne,Siuda,esiudarg@uol.com.br,Agender,168.245.71.215
990,Theo,Lanphere,tlanphererh@paypal.com,Non-binary,237.196.76.67
991,Margarete,Ibbeson,mibbesonri@about.com,Agender,31.225.183.245
992,Garold,Pether,gpetherrj@salon.com,Female,197.74.30.68
993,Dorena,Cushion,dcushionrk@stumbleupon.com,Bigender,171.182.149.163
994,Krisha,Tolumello,ktolumellorl@clickbank.net,Agender,118.197.68.56
995,Rriocard,Abramcik,rabramcikrm@stumbleupon.com,Bigender,11.138.214.144
996,Alvin,Cheater,acheaterrn@unicef.org,Polygender,161.86.23.108
997,Avie,Begent,abegentro@state.gov,Female,147.15.239.139
998,Davis,Dy,ddyrp@typepad.com,Genderfluid,244.211.130.35
999,Emylee,Dowse,edowserq@sfgate.com,Non-binary,243.50.171.72
1000,Cindi,Fery,cferyrr@constantcontact.com,Genderqueer,169.27.1.210
